Time[s],CH1[C],CH2[C],CH3[C],CH4[C],CH5[C],CH6[C],CH7[C],CH8[C]
0,11.7,11.5,11.5,11.3,11.6,11.4,11.7,11.5
10,11.7,11.5,11.4,11.3,11.6,11.4,11.7,11.5
20,11.7,11.5,11.4,11.3,11.6,11.4,11.7,11.5
30,11.7,11.5,11.5,11.3,11.6,11.5,11.8,11.6
40,11.7,11.5,11.5,11.3,11.6,11.5,11.8,11.7
50,11.7,11.5,11.5,11.4,11.7,11.6,11.9,11.8
60,11.7,11.5,11.5,11.4,11.7,11.7,12,12
70,11.7,11.6,11.6,11.5,11.8,11.7,12.1,12.1
80,11.7,11.6,11.6,11.5,11.9,11.8,12.2,12.2
90,11.8,11.6,11.7,11.6,11.9,11.9,12.2,12.3
100,11.8,11.7,11.7,11.7,12,12,12.4,12.4
110,11.8,11.7,11.8,11.7,12.1,12.1,12.5,12.6
120,11.9,11.8,11.8,11.8,12.2,12.2,12.6,12.7
130,11.9,11.8,11.9,11.9,12.2,12.3,12.7,12.8
140,12,11.9,12,12,12.3,12.5,12.8,13
150,12,11.9,12,12.1,12.4,12.5,12.9,13.1
160,12,12,12.1,12.1,12.5,12.6,13,13.2
170,12.1,12,12.2,12.2,12.6,12.7,13.1,13.3
180,12.1,12.1,12.2,12.3,12.7,12.8,13.2,13.4
190,12.1,12.1,12.3,12.3,12.7,12.9,13.3,13.5
200,12.2,12.2,12.3,12.4,12.8,13,13.4,13.6
210,12.2,12.2,12.4,12.5,12.9,13.1,13.5,13.7
220,12.2,12.3,12.4,12.5,13,13.2,13.6,13.8
230,12.2,12.3,12.5,12.6,13,13.3,13.6,13.9
240,12.3,12.3,12.5,12.7,13.1,13.3,13.7,14
250,12.3,12.4,12.6,12.7,13.1,13.4,13.8,14.1
260,12.3,12.4,12.6,12.8,13.2,13.5,13.9,14.2
270,12.4,12.5,12.7,12.8,13.3,13.5,14,14.3
280,12.4,12.5,12.7,12.9,13.3,13.6,14,14.3
290,12.4,12.5,12.8,12.9,13.4,13.7,14.1,14.4
300,12.5,12.6,12.8,13,13.5,13.7,14.2,14.5
310,12.5,12.6,12.8,13,13.5,13.8,14.2,14.5
320,12.5,12.6,12.9,13.1,13.6,13.8,14.3,14.6
330,12.5,12.7,12.9,13.1,13.6,13.9,14.3,14.7
340,12.6,12.7,13,13.2,13.6,14,14.4,14.7
350,12.6,12.7,13,13.2,13.7,14,14.5,14.8
360,12.6,12.7,13,13.2,13.8,14.1,14.5,14.9
370,12.6,12.8,13.1,13.3,13.8,14.1,14.6,14.9
380,12.6,12.8,13.1,13.3,13.8,14.2,14.6,15
390,12.7,12.8,13.1,13.4,13.9,14.2,14.7,15
400,12.7,12.9,13.2,13.4,13.9,14.2,14.7,15.1
410,12.7,12.9,13.2,13.4,14,14.3,14.8,15.1
420,12.7,12.9,13.2,13.5,14,14.3,14.8,15.2
430,12.7,12.9,13.2,13.5,14,14.4,14.8,15.2
440,12.8,13,13.3,13.5,14.1,14.4,14.9,15.3
450,12.8,13,13.3,13.6,14.1,14.4,14.9,15.3
460,12.8,13,13.3,13.6,14.1,14.5,15,15.3
470,12.8,13,13.4,13.6,14.2,14.5,15,15.4
480,12.9,13.1,13.4,13.6,14.2,14.6,15,15.4
490,12.9,13.1,13.4,13.7,14.2,14.6,15.1,15.5
500,12.9,13.1,13.4,13.7,14.3,14.6,15.1,15.5
510,12.9,13.1,13.4,13.7,14.3,14.6,15.1,15.5
520,12.9,13.1,13.5,13.7,14.3,14.7,15.2,15.6
530,12.9,13.1,13.5,13.8,14.3,14.7,15.2,15.6
540,12.9,13.1,13.5,13.8,14.3,14.7,15.2,15.6
550,12.9,13.2,13.5,13.8,14.4,14.7,15.3,15.7
560,13,13.2,13.5,13.8,14.4,14.8,15.3,15.7
570,13,13.2,13.5,13.8,14.4,14.8,15.3,15.7
580,13,13.2,13.5,13.8,14.4,14.8,15.3,15.7
590,13,13.2,13.6,13.9,14.5,14.8,15.3,15.8
600,13,13.2,13.6,13.9,14.5,14.8,15.4,15.8
610,13,13.2,13.6,13.9,14.5,14.9,15.4,15.8
620,13,13.2,13.6,13.9,14.5,14.9,15.4,15.8
630,13,13.2,13.6,13.9,14.5,14.9,15.4,15.8
640,13,13.3,13.6,13.9,14.5,14.9,15.4,15.9
650,13,13.3,13.7,14,14.6,14.9,15.5,15.9
660,13,13.3,13.7,14,14.6,14.9,15.5,15.9
670,13.1,13.3,13.7,14,14.6,15,15.5,15.9
680,13.1,13.3,13.7,14,14.6,15,15.5,15.9
690,13.1,13.3,13.7,14,14.6,15,15.6,16
700,13.1,13.3,13.7,14,14.6,15,15.6,16
710,13.1,13.3,13.7,14,14.6,15,15.6,16
720,13.1,13.4,13.7,14,14.7,15,15.6,16
730,13.1,13.3,13.7,14,14.7,15,15.6,16
740,13.1,13.4,13.7,14.1,14.7,15.1,15.6,16
750,13.1,13.4,13.8,14.1,14.7,15.1,15.6,16.1
760,13.1,13.4,13.8,14.1,14.7,15.1,15.7,16.1
770,13.1,13.4,13.8,14.1,14.7,15.1,15.7,16.1
780,13.1,13.4,13.8,14.1,14.7,15.1,15.7,16.1
790,13.1,13.4,13.8,14.1,14.7,15.1,15.7,16.1
800,13.1,13.4,13.8,14.1,14.8,15.1,15.7,16.1
810,13.1,13.4,13.8,14.1,14.8,15.1,15.7,16.1
820,13.2,13.4,13.8,14.1,14.8,15.1,15.7,16.2
830,13.2,13.4,13.8,14.1,14.8,15.2,15.7,16.2
840,13.2,13.4,13.8,14.1,14.8,15.2,15.7,16.2
850,13.2,13.4,13.8,14.1,14.8,15.2,15.8,16.2
860,13.2,13.4,13.8,14.1,14.8,15.2,15.8,16.2
870,13.2,13.4,13.8,14.1,14.8,15.2,15.8,16.2
880,13.2,13.4,13.8,14.2,14.8,15.2,15.8,16.2
890,13.2,13.4,13.8,14.2,14.8,15.2,15.8,16.2
900,13.2,13.4,13.8,14.2,14.8,15.2,15.8,16.2
910,13.2,13.5,13.8,14.2,14.8,15.2,15.8,16.2
920,13.2,13.5,13.9,14.2,14.9,15.2,15.8,16.2
930,13.2,13.5,13.9,14.2,14.8,15.2,15.8,16.3
940,13.2,13.5,13.8,14.2,14.9,15.2,15.8,16.3
950,13.2,13.5,13.9,14.2,14.9,15.2,15.8,16.3
960,13.2,13.5,13.9,14.2,14.9,15.3,15.9,16.3
970,13.2,13.5,13.9,14.2,14.9,15.3,15.9,16.3
980,13.2,13.5,13.9,14.2,14.9,15.3,15.9,16.3
990,13.2,13.5,13.9,14.2,14.9,15.3,15.9,16.3
1000,13.2,13.5,13.9,14.2,14.9,15.3,15.9,16.3
1010,13.2,13.5,13.9,14.2,14.9,15.3,15.9,16.3
1020,13.2,13.5,13.9,14.2,14.9,15.3,15.9,16.3
1030,13.2,13.5,13.9,14.2,14.9,15.3,15.9,16.3
1040,13.2,13.5,13.9,14.2,14.9,15.3,15.9,16.3
1050,13.3,13.5,13.9,14.2,14.9,15.3,15.9,16.3
1060,13.3,13.5,13.9,14.2,14.9,15.3,15.9,16.4
1070,13.2,13.5,13.9,14.2,14.9,15.3,15.9,16.4
1080,13.3,13.5,13.9,14.3,14.9,15.3,15.9,16.4
1090,13.2,13.5,13.9,14.3,14.9,15.3,15.9,16.4
1100,13.3,13.5,13.9,14.3,14.9,15.3,15.9,16.4
1110,13.3,13.5,13.9,14.3,14.9,15.3,15.9,16.4
1120,13.3,13.5,13.9,14.3,15,15.4,15.9,16.4
1130,13.3,13.5,13.9,14.3,14.9,15.3,16,16.4
1140,13.3,13.5,13.9,14.3,15,15.3,16,16.4
1150,13.3,13.5,13.9,14.3,15,15.4,16,16.4
1160,13.3,13.5,13.9,14.3,15,15.4,16,16.4
1170,13.3,13.5,13.9,14.3,14.9,15.3,16,16.4
1180,13.3,13.5,13.9,14.3,15,15.4,16,16.4
1190,13.3,13.5,13.9,14.3,15,15.4,16,16.4
1200,13.3,13.6,13.9,14.3,15,15.4,16,16.4
1210,13.3,13.5,13.9,14.3,15,15.4,16,16.4
1220,13.3,13.5,13.9,14.3,15,15.4,16,16.4
1230,13.3,13.5,13.9,14.3,15,15.4,16,16.4
1240,13.3,13.5,13.9,14.3,15,15.4,16,16.4
1250,13.3,13.5,14,14.3,15,15.4,16,16.4
1260,13.3,13.5,13.9,14.3,15,15.4,16,16.4
1270,13.3,13.6,13.9,14.3,15,15.4,16,16.4
1280,13.3,13.6,14,14.3,15,15.4,16,16.4
1290,13.3,13.5,13.9,14.3,15,15.4,16,16.4
1300,13.3,13.5,14,14.3,15,15.4,16,16.4
1310,13.3,13.6,14,14.3,15,15.4,16,16.5
1320,13.3,13.6,14,14.3,15,15.4,16,16.4
1330,13.3,13.6,13.9,14.3,15,15.4,16,16.5
1340,13.3,13.6,14,14.3,15,15.4,16,16.5
1350,13.3,13.6,14,14.3,15,15.4,16,16.5
1360,13.3,13.6,14,14.3,15,15.4,16,16.5
1370,13.3,13.6,14,14.3,15,15.4,16,16.5
1380,13.3,13.6,14,14.3,15,15.4,16,16.5
1390,13.3,13.6,14,14.3,15,15.4,16,16.5
1400,13.3,13.6,14,14.3,15,15.4,16,16.5
1410,13.3,13.6,14,14.3,15,15.4,16,16.5
1420,13.3,13.6,14,14.3,15,15.4,16,16.5
1430,13.3,13.6,14,14.3,15,15.4,16,16.5
1440,13.3,13.6,14,14.3,15,15.4,16,16.5
1450,13.3,13.6,14,14.3,15,15.4,16,16.5
1460,13.3,13.6,14,14.3,15,15.4,16,16.5
1470,13.3,13.6,14,14.3,15,15.4,16,16.5
1480,13.3,13.6,14,14.3,15,15.4,16,16.5
1490,13.3,13.6,14,14.3,15,15.4,16,16.5
1500,13.3,13.6,14,14.3,15,15.4,16,16.5
1510,13.3,13.6,14,14.3,15,15.4,16,16.5
1520,13.3,13.6,14,14.3,15,15.4,16,16.5
1530,13.3,13.6,14,14.3,15,15.4,16,16.5
1540,13.3,13.6,14,14.3,15,15.4,16,16.5
1550,13.3,13.6,14,14.3,15,15.4,16,16.5
1560,13.3,13.6,14,14.3,15,15.4,16,16.5
1570,13.3,13.6,14,14.3,15,15.4,16,16.5
1580,13.3,13.6,14,14.3,15,15.4,16,16.5
1590,13.3,13.6,14,14.3,15,15.4,16,16.5
1600,13.3,13.6,14,14.3,15,15.4,16,16.5
1610,13.3,13.6,14,14.3,15,15.4,16.1,16.5
1620,13.3,13.6,14,14.3,15,15.4,16,16.5
1630,13.3,13.6,14,14.3,15,15.4,16,16.5
1640,13.3,13.6,14,14.3,15,15.4,16.1,16.5
1650,13.3,13.6,14,14.3,15,15.4,16,16.5
1660,13.3,13.6,14,14.3,15,15.4,16.1,16.5
1670,13.3,13.6,14,14.3,15,15.4,16,16.5
1680,13.3,13.6,14,14.3,15,15.4,16,16.5
1690,13.3,13.6,14,14.3,15,15.4,16.1,16.5
1700,13.3,13.6,14,14.3,15,15.4,16.1,16.5
1710,13.3,13.6,14,14.3,15,15.4,16.1,16.5
1720,13.3,13.6,14,14.3,15,15.4,16.1,16.5
1730,13.3,13.6,14,14.3,15,15.4,16.1,16.5
1740,13.3,13.6,14,14.3,15,15.4,16.1,16.5
1750,13.3,13.6,14,14.3,15,15.4,16.1,16.5
1760,13.3,13.6,14,14.3,15,15.4,16.1,16.5
1770,13.3,13.6,14,14.3,15,15.4,16,16.5
1780,13.3,13.6,14,14.3,15,15.4,16.1,16.5
1790,13.3,13.6,14,14.3,15,15.4,16.1,16.5
1800,13.3,13.6,14,14.3,15,15.4,16.1,16.5
1810,13.3,13.6,14,14.3,15,15.4,16.1,16.5
1820,13.3,13.6,14,14.3,15,15.4,16.1,16.5
1830,13.3,13.6,14,14.3,15,15.4,16.1,16.5
1840,13.3,13.6,14,14.3,15,15.4,16.1,16.5
1850,13.3,13.6,14,14.3,15,15.4,16.1,16.5
1860,13.3,13.6,14,14.3,15,15.4,16.1,16.5
1870,13.3,13.6,14,14.3,15,15.4,16.1,16.5
1880,13.3,13.6,14,14.3,15,15.4,16,16.5
1890,13.3,13.6,14,14.3,15,15.4,16.1,16.5
1900,13.3,13.6,14,14.3,15,15.4,16.1,16.5
1910,13.3,13.6,14,14.3,15,15.4,16.1,16.5
1920,13.3,13.6,14,14.3,15,15.4,16.1,16.5
1930,13.3,13.6,14,14.3,15,15.4,16,16.5
1940,13.3,13.6,14,14.3,15,15.4,16.1,16.5
1950,13.3,13.6,14,14.3,15,15.4,16.1,16.5
1960,13.3,13.6,14,14.3,15,15.4,16.1,16.5
1970,13.3,13.6,14,14.3,15,15.4,16.1,16.5
1980,13.3,13.6,14,14.3,15,15.4,16.1,16.5
1990,13.3,13.6,14,14.3,15,15.4,16.1,16.5
2000,13.3,13.6,14,14.3,15,15.4,16.1,16.5
2010,13.3,13.6,14,14.3,15,15.4,16.1,16.5
2020,13.3,13.6,14,14.3,15,15.4,16.1,16.5
2030,13.3,13.6,14,14.3,15,15.4,16.1,16.5
2040,13.3,13.6,14,14.3,15,15.4,16.1,16.5
2050,13.3,13.6,14,14.3,15,15.4,16.1,16.5
2060,13.3,13.6,14,14.3,15,15.4,16.1,16.5
2070,13.3,13.6,14,14.3,15,15.4,16.1,16.5
2080,13.3,13.6,14,14.3,15,15.4,16.1,16.5
2090,13.3,13.6,14,14.3,15,15.4,16.1,16.5
2100,13.3,13.6,14,14.3,15,15.4,16.1,16.5
2110,13.3,13.6,14,14.3,15,15.4,16.1,16.5
2120,13.3,13.6,14,14.3,15,15.4,16.1,16.5
2130,13.3,13.6,14,14.3,15,15.4,16.1,16.5
2140,13.3,13.6,14,14.3,15,15.4,16.1,16.5
2150,13.3,13.6,14,14.3,15,15.4,16.1,16.5
2160,13.3,13.6,14,14.3,15,15.4,16.1,16.5
2170,13.3,13.5,14,14.3,15,15.4,16.1,16.5
2180,13.3,13.6,14,14.3,15,15.4,16.1,16.5
2190,13.3,13.6,14,14.3,15,15.4,16.1,16.5
2200,13.3,13.6,14,14.3,15,15.4,16.1,16.5
2210,13.3,13.6,14,14.3,15,15.4,16.1,16.5
2220,13.3,13.6,14,14.3,15,15.4,16.1,16.5
2230,13.3,13.6,14,14.3,15,15.4,16.1,16.5
2240,13.3,13.6,14,14.3,15,15.4,16.1,16.5
2250,13.3,13.6,14,14.3,15,15.4,16.1,16.5
2260,13.3,13.6,14,14.3,15,15.4,16.1,16.5
2270,13.3,13.6,14,14.3,15,15.4,16.1,16.5
2280,13.3,13.6,14,14.3,15,15.4,16.1,16.5
2290,13.3,13.6,14,14.3,15,15.4,16.1,16.5
2300,13.3,13.5,14,14.3,15,15.4,16.1,16.5
2310,13.3,13.6,14,14.3,15,15.4,16.1,16.5
2320,13.3,13.6,14,14.3,15,15.4,16.1,16.5
2330,13.3,13.6,14,14.3,15,15.4,16.1,16.5
2340,13.3,13.6,14,14.3,15,15.4,16.1,16.5
2350,13.3,13.6,14,14.3,15,15.4,16.1,16.5
2360,13.3,13.6,14,14.3,15,15.4,16.1,16.5
2370,13.3,13.6,14,14.3,15,15.4,16.1,16.5
2380,13.3,13.6,14,14.3,15,15.4,16.1,16.5
2390,13.3,13.6,14,14.3,15,15.4,16.1,16.5
2400,13.3,13.6,14,14.3,15,15.4,16.1,16.5
2410,13.3,13.6,14,14.3,15,15.4,16.1,16.5
2420,13.3,13.5,14,14.3,15,15.4,16.1,16.5
2430,13.3,13.6,14,14.3,15,15.4,16.1,16.5
2440,13.3,13.6,14,14.3,15,15.4,16.1,16.5
2450,13.3,13.5,14,14.3,15,15.4,16.1,16.5
2460,13.3,13.6,14,14.3,15,15.4,16.1,16.5
2470,13.3,13.6,14,14.3,15,15.4,16.1,16.5
2480,13.3,13.6,14,14.3,15,15.4,16.1,16.5
2490,13.3,13.6,14,14.3,15,15.4,16.1,16.5
2500,13.3,13.5,14,14.3,15,15.4,16.1,16.5
2510,13.3,13.6,14,14.3,15,15.4,16.1,16.5
2520,13.3,13.5,14,14.3,15,15.4,16.1,16.5
2530,13.3,13.6,14,14.3,15,15.4,16.1,16.5
2540,13.3,13.6,14,14.3,15,15.4,16.1,16.5
2550,13.3,13.6,14,14.3,15,15.4,16.1,16.5
2560,13.3,13.5,14,14.3,15,15.4,16.1,16.5
2570,13.3,13.5,14,14.3,15,15.4,16.1,16.5
2580,13.3,13.5,14,14.3,15,15.4,16.1,16.5
2590,13.3,13.6,14,14.3,15,15.4,16.1,16.5
2600,13.3,13.5,14,14.3,15,15.4,16.1,16.5
2610,13.3,13.6,14,14.3,15,15.4,16.1,16.5
2620,13.3,13.6,14,14.3,15,15.4,16.1,16.5
2630,13.3,13.6,14,14.3,15,15.4,16.1,16.5
2640,13.3,13.5,14,14.3,15,15.4,16.1,16.5
2650,13.3,13.6,14,14.3,15,15.4,16.1,16.5
2660,13.3,13.5,14,14.3,15,15.4,16.1,16.5
2670,13.3,13.6,14,14.3,15,15.4,16.1,16.5
2680,13.3,13.5,14,14.3,15,15.4,16.1,16.5
2690,13.3,13.6,14,14.3,15,15.4,16.1,16.5
2700,13.3,13.6,14,14.3,15,15.4,16.1,16.5
2710,13.3,13.5,14,14.3,15,15.4,16.1,16.5
2720,13.3,13.6,14,14.3,15,15.4,16.1,16.5
2730,13.3,13.6,14,14.3,15,15.4,16.1,16.5
2740,13.3,13.6,14,14.3,15,15.4,16.1,16.5
2750,13.3,13.5,14,14.3,15,15.4,16.1,16.5
2760,13.3,13.6,14,14.3,15,15.4,16.1,16.5
2770,13.3,13.5,14,14.3,15,15.4,16.1,16.5
2780,13.3,13.5,14,14.3,15,15.4,16.1,16.5
2790,13.3,13.6,14,14.3,15,15.4,16.1,16.5
2800,13.3,13.6,14,14.3,15,15.4,16.1,16.5
2810,13.3,13.5,14,14.3,15,15.4,16.1,16.5
2820,13.3,13.6,14,14.3,15,15.4,16.1,16.5
2830,13.3,13.5,14,14.3,15,15.4,16.1,16.5
2840,13.3,13.6,14,14.3,15,15.4,16.1,16.5
2850,13.3,13.6,14,14.3,15,15.4,16.1,16.5
2860,13.3,13.5,13.9,14.3,15,15.4,16.1,16.5
2870,13.3,13.6,14,14.3,15,15.4,16.1,16.5
2880,13.3,13.6,14,14.3,15,15.4,16.1,16.5
2890,13.3,13.6,14,14.3,15,15.4,16.1,16.5
2900,13.3,13.6,14,14.3,15,15.4,16.1,16.5
2910,13.3,13.6,14,14.3,15,15.4,16.1,16.5
2920,13.3,13.6,14,14.3,15,15.4,16.1,16.5
2930,13.3,13.6,14,14.3,15,15.4,16.1,16.5
2940,13.3,13.6,14,14.3,15,15.4,16.1,16.5
2950,13.3,13.6,14,14.3,15,15.4,16.1,16.5
2960,13.3,13.6,14,14.3,15,15.4,16.1,16.5
2970,13.3,13.5,14,14.3,15,15.4,16.1,16.5
2980,13.3,13.5,14,14.3,15,15.4,16.1,16.5
2990,13.3,13.5,14,14.3,15,15.4,16.1,16.5
3000,13.3,13.5,14,14.3,15,15.4,16.1,16.5
3010,13.3,13.5,14,14.3,15,15.4,16.1,16.5
3020,13.3,13.6,14,14.3,15,15.4,16.1,16.5
3030,13.3,13.6,14,14.3,15,15.4,16.1,16.5
3040,13.3,13.6,14,14.3,15,15.4,16.1,16.5
3050,13.3,13.5,14,14.3,15,15.4,16.1,16.5
3060,13.3,13.5,14,14.3,15,15.4,16.1,16.5
3070,13.3,13.6,14,14.3,15,15.4,16.1,16.5
3080,13.3,13.6,13.9,14.3,15,15.4,16.1,16.5
3090,13.3,13.6,14,14.3,15,15.4,16.1,16.5
3100,13.3,13.6,14,14.3,15,15.4,16.1,16.5
3110,13.3,13.6,14,14.3,15,15.4,16.1,16.5
3120,13.3,13.6,14,14.3,15,15.4,16.1,16.5
3130,13.3,13.5,14,14.3,15,15.4,16.1,16.5
3140,13.3,13.6,14,14.3,15,15.4,16.1,16.5
3150,13.3,13.5,14,14.3,15,15.4,16.1,16.5
3160,13.3,13.5,14,14.3,15,15.4,16.1,16.5
3170,13.3,13.5,14,14.3,15,15.4,16.1,16.5
3180,13.3,13.5,14,14.3,15,15.4,16.1,16.5
3190,13.3,13.6,14,14.3,15,15.4,16.1,16.5
3200,13.3,13.6,14,14.3,15,15.4,16.1,16.5
3210,13.3,13.6,14,14.3,15,15.4,16.1,16.5
3220,13.3,13.6,14,14.3,15,15.4,16.1,16.5
3230,13.3,13.6,14,14.3,15,15.4,16.1,16.5
3240,13.3,13.5,14,14.3,15,15.4,16.1,16.5
3250,13.3,13.6,14,14.3,15,15.4,16.1,16.5
3260,13.3,13.5,14,14.3,15,15.4,16.1,16.5
3270,13.3,13.6,14,14.3,15,15.4,16.1,16.5
3280,13.3,13.5,14,14.3,15,15.4,16.1,16.5
3290,13.3,13.6,14,14.3,15,15.4,16.1,16.5
3300,13.3,13.5,14,14.3,15,15.4,16.1,16.5
3310,13.3,13.6,14,14.3,15,15.4,16.1,16.5
3320,13.3,13.6,14,14.3,15,15.4,16.1,16.5
3330,13.3,13.6,14,14.3,15,15.4,16.1,16.5
3340,13.3,13.5,14,14.3,15,15.4,16.1,16.5
3350,13.3,13.6,14,14.3,15,15.4,16.1,16.5
3360,13.3,13.5,14,14.3,15,15.4,16.1,16.5
3370,13.3,13.6,14,14.3,15,15.4,16.1,16.5
3380,13.3,13.5,13.9,14.3,15,15.4,16,16.5
3390,13.3,13.6,14,14.3,15,15.4,16.1,16.5
3400,13.3,13.6,14,14.3,15,15.4,16.1,16.5
3410,13.3,13.6,14,14.3,15,15.4,16.1,16.5
3420,13.3,13.6,14,14.3,15,15.4,16.1,16.5
3430,13.3,13.5,14,14.3,15,15.4,16.1,16.5
3440,13.3,13.6,14,14.3,15,15.4,16.1,16.5
3450,13.3,13.6,14,14.3,15,15.4,16.1,16.5
3460,13.3,13.6,14,14.3,15,15.4,16.1,16.5
3470,13.3,13.6,14,14.3,15,15.4,16.1,16.5
3480,13.3,13.5,14,14.3,15,15.4,16.1,16.5
3490,13.3,13.6,14,14.3,15,15.4,16.1,16.5
3500,13.3,13.5,14,14.3,15,15.4,16.1,16.5
3510,13.3,13.6,14,14.3,15,15.4,16.1,16.5
3520,13.3,13.6,14,14.3,15,15.4,16.1,16.5
3530,13.3,13.6,14,14.3,15,15.4,16.1,16.5
3540,13.3,13.6,14,14.3,15,15.4,16.1,16.5
3550,13.3,13.6,14,14.3,15,15.4,16.1,16.5
3560,13.3,13.6,14,14.3,15,15.4,16.1,16.5
3570,13.3,13.6,14,14.3,15,15.4,16.1,16.5
3580,13.3,13.6,14,14.3,15,15.4,16.1,16.5
3590,13.3,13.5,14,14.3,15,15.4,16.1,16.5
3600,13.3,13.6,14,14.3,15,15.4,16.1,16.5
3610,13.3,13.5,14,14.3,15,15.4,16.1,16.5
3620,13.3,13.6,14,14.3,15,15.4,16.1,16.5
3630,13.3,13.6,14,14.3,15,15.4,16.1,16.5
3640,13.3,13.5,13.9,14.3,15,15.4,16.1,16.5
3650,13.3,13.6,13.9,14.3,15,15.4,16.1,16.5
3660,13.3,13.6,14,14.3,15,15.4,16.1,16.5
3670,13.3,13.6,14,14.3,15,15.4,16.1,16.5
3680,13.3,13.5,14,14.3,15,15.4,16.1,16.5
3690,13.3,13.6,14,14.3,15,15.4,16.1,16.5
3700,13.3,13.5,14,14.3,15,15.4,16.1,16.5
3710,13.3,13.6,13.9,14.3,15,15.4,16.1,16.5
3720,13.3,13.5,13.9,14.3,15,15.4,16.1,16.5
3730,13.3,13.5,14,14.3,15,15.4,16.1,16.5
3740,13.3,13.5,14,14.3,15,15.4,16.1,16.5
3750,13.3,13.5,14,14.3,15,15.4,16.1,16.5
3760,13.3,13.5,14,14.3,15,15.4,16.1,16.5
3770,13.3,13.6,14,14.3,15,15.4,16.1,16.5
3780,13.3,13.6,14,14.3,15,15.4,16.1,16.5
3790,13.3,13.5,14,14.3,15,15.4,16.1,16.5
3800,13.3,13.5,14,14.3,15,15.4,16.1,16.5
3810,13.3,13.5,14,14.3,15,15.4,16.1,16.5
3820,13.3,13.5,14,14.3,15,15.4,16.1,16.5
3830,13.3,13.5,14,14.3,15,15.4,16.1,16.5
3840,13.3,13.6,14,14.3,15,15.4,16.1,16.5
3850,13.3,13.6,14,14.3,15,15.4,16.1,16.5
3860,13.3,13.5,14,14.3,15,15.4,16.1,16.5
3870,13.3,13.6,14,14.3,15,15.4,16.1,16.5
3880,13.3,13.6,14,14.3,15,15.4,16.1,16.5
3890,13.3,13.6,14,14.3,15,15.4,16.1,16.5
3900,13.3,13.6,14,14.3,15,15.4,16.1,16.5
3910,13.3,13.5,14,14.3,15,15.4,16.1,16.5
3920,13.3,13.5,14,14.3,15,15.4,16.1,16.5
3930,13.3,13.6,14,14.3,15,15.4,16.1,16.5
3940,13.3,13.5,13.9,14.3,15,15.4,16.1,16.5
3950,13.3,13.5,14,14.3,15,15.4,16.1,16.5
3960,13.3,13.6,14,14.3,15,15.4,16.1,16.5
3970,13.3,13.6,14,14.3,15,15.4,16.1,16.5
3980,13.3,13.6,14,14.3,15,15.4,16.1,16.5
3990,13.3,13.6,14,14.3,15,15.4,16.1,16.5
4000,13.3,13.5,14,14.3,15,15.4,16.1,16.5
4010,13.3,13.6,14,14.3,15,15.4,16.1,16.5
4020,13.3,13.6,14,14.3,15,15.4,16.1,16.5
4030,13.3,13.5,14,14.3,15,15.4,16.1,16.5
4040,13.3,13.5,14,14.3,15,15.4,16.1,16.5
4050,13.3,13.5,14,14.3,15,15.4,16.1,16.5
4060,13.3,13.5,13.9,14.3,15,15.4,16.1,16.5
4070,13.3,13.6,14,14.3,15,15.4,16.1,16.5
4080,13.3,13.5,14,14.3,15,15.4,16.1,16.5
4090,13.3,13.5,14,14.3,15,15.4,16.1,16.5
4100,13.3,13.5,13.9,14.3,15,15.4,16.1,16.5
4110,13.3,13.5,14,14.3,15,15.4,16.1,16.5
4120,13.3,13.6,14,14.3,15,15.4,16.1,16.5
4130,13.3,13.5,14,14.3,15,15.4,16.1,16.5
4140,13.3,13.6,14,14.3,15,15.4,16.1,16.5
4150,13.3,13.6,14,14.3,15,15.4,16.1,16.5
4160,13.3,13.5,13.9,14.3,15,15.4,16.1,16.5
4170,13.3,13.5,13.9,14.3,15,15.4,16.1,16.5
4180,13.3,13.5,14,14.3,15,15.4,16.1,16.5
4190,13.3,13.5,13.9,14.3,15,15.4,16.1,16.5
4200,13.3,13.5,14,14.3,15,15.4,16.1,16.5
4210,13.3,13.6,14,14.3,15,15.4,16.1,16.5
4220,13.3,13.6,14,14.3,15,15.4,16.1,16.5
4230,13.3,13.5,14,14.3,15,15.4,16.1,16.5
4240,13.3,13.6,14,14.3,15,15.4,16.1,16.5
4250,13.3,13.6,14,14.3,15,15.4,16.1,16.5
4260,13.3,13.5,14,14.3,15,15.4,16.1,16.5
4270,13.3,13.6,14,14.3,15,15.4,16.1,16.5
4280,13.3,13.5,14,14.3,15,15.4,16.1,16.5
4290,13.3,13.6,14,14.3,15,15.4,16.1,16.5
4300,13.3,13.6,14,14.3,15,15.4,16.1,16.5
4310,13.3,13.5,14,14.3,15,15.4,16.1,16.5
4320,13.3,13.5,13.9,14.3,15,15.4,16.1,16.5
4330,13.3,13.5,13.9,14.3,15,15.4,16.1,16.5
4340,13.3,13.6,14,14.3,15,15.4,16.1,16.5
4350,13.3,13.6,14,14.3,15,15.4,16.1,16.5
4360,13.3,13.6,14,14.3,15,15.4,16.1,16.5
4370,13.3,13.5,14,14.3,15,15.4,16.1,16.5
4380,13.3,13.5,14,14.3,15,15.4,16.1,16.5
4390,13.3,13.6,14,14.3,15,15.4,16.1,16.5
4400,13.3,13.5,14,14.3,15,15.4,16.1,16.5
4410,13.3,13.6,14,14.3,15,15.4,16.1,16.5
4420,13.3,13.6,14,14.3,15,15.4,16.1,16.5
4430,13.3,13.6,14,14.3,15,15.4,16.1,16.5
4440,13.3,13.5,14,14.3,15,15.4,16.1,16.5
4450,13.3,13.5,14,14.3,15,15.4,16.1,16.5
4460,13.3,13.6,14,14.3,15,15.4,16.1,16.5
4470,13.3,13.5,14,14.3,15,15.4,16.1,16.5
4480,13.3,13.5,14,14.3,15,15.4,16.1,16.5
4490,13.3,13.6,14,14.3,15,15.4,16.1,16.5
4500,13.3,13.6,14,14.3,15,15.4,16.1,16.5
4510,13.3,13.5,14,14.3,15,15.4,16.1,16.5
4520,13.3,13.6,14,14.3,15,15.4,16.1,16.5
4530,13.3,13.6,14,14.3,15,15.4,16.1,16.5
4540,13.3,13.6,14,14.3,15,15.4,16.1,16.5
4550,13.3,13.6,14,14.3,15,15.4,16.1,16.5
4560,13.3,13.6,14,14.3,15,15.4,16.1,16.5
4570,13.3,13.6,14,14.3,15,15.4,16.1,16.5
4580,13.3,13.6,14,14.3,15,15.4,16.1,16.5
4590,13.3,13.6,14,14.3,15,15.4,16.1,16.5
4600,13.3,13.6,14,14.3,15,15.4,16.1,16.5
4610,13.3,13.5,14,14.3,15,15.4,16.1,16.5
4620,13.3,13.6,14,14.3,15,15.4,16.1,16.5
4630,13.3,13.5,14,14.3,15,15.4,16.1,16.5
4640,13.3,13.6,14,14.3,15,15.4,16.1,16.5
4650,13.3,13.6,14,14.3,15,15.4,16.1,16.5
4660,13.3,13.6,14,14.3,15,15.4,16.1,16.5
4670,13.3,13.6,14,14.3,15,15.4,16.1,16.5
4680,13.3,13.5,14,14.3,15,15.4,16.1,16.5
4690,13.3,13.6,14,14.3,15,15.4,16.1,16.5
4700,13.3,13.6,14,14.3,15,15.4,16.1,16.5
4710,13.3,13.6,14,14.3,15,15.4,16.1,16.5
4720,13.3,13.6,14,14.3,15,15.4,16.1,16.5
4730,13.3,13.5,14,14.3,15,15.4,16.1,16.5
4740,13.3,13.6,14,14.3,15,15.4,16.1,16.5
4750,13.3,13.5,14,14.3,15,15.4,16.1,16.5
4760,13.3,13.6,14,14.3,15,15.4,16.1,16.5
4770,13.3,13.6,14,14.3,15,15.4,16.1,16.5
4780,13.3,13.6,14,14.3,15,15.4,16.1,16.5
4790,13.3,13.6,14,14.3,15,15.4,16.1,16.5
4800,13.3,13.6,14,14.3,15,15.4,16.1,16.5
4810,13.3,13.6,14,14.3,15,15.4,16.1,16.5
4820,13.3,13.6,14,14.3,15,15.4,16.1,16.5
4830,13.3,13.6,14,14.3,15,15.4,16.1,16.5
4840,13.3,13.6,14,14.3,15,15.4,16.1,16.5
4850,13.3,13.6,14,14.3,15,15.4,16.1,16.5
4860,13.3,13.6,14,14.3,15,15.4,16.1,16.5
4870,13.3,13.6,14,14.3,15,15.4,16.1,16.5
4880,13.3,13.6,14,14.3,15,15.4,16.1,16.5
4890,13.3,13.6,14,14.3,15,15.4,16.1,16.5
4900,13.3,13.6,14,14.3,15,15.4,16.1,16.5
4910,13.3,13.6,14,14.3,15,15.4,16.1,16.5
4920,13.3,13.6,14,14.3,15,15.4,16.1,16.5
4930,13.3,13.6,14,14.3,15,15.4,16.1,16.5
4940,13.3,13.6,14,14.3,15,15.4,16.1,16.5
4950,13.3,13.5,14,14.3,15,15.4,16.1,16.5
4960,13.3,13.6,14,14.3,15,15.4,16.1,16.5
4970,13.3,13.6,14,14.3,15,15.4,16.1,16.5
4980,13.3,13.6,14,14.3,15,15.4,16.1,16.5
4990,13.3,13.6,14,14.3,15,15.4,16.1,16.5
5000,13.3,13.5,14,14.3,15,15.4,16.1,16.5
5010,13.3,13.5,14,14.3,15,15.4,16.1,16.5
5020,13.3,13.6,14,14.3,15,15.4,16.1,16.5
5030,13.3,13.6,14,14.3,15,15.4,16.1,16.5
5040,13.3,13.6,14,14.3,15,15.4,16.1,16.5
5050,13.3,13.6,14,14.3,15,15.4,16.1,16.5
5060,13.3,13.6,14,14.3,15,15.4,16.1,16.5
5070,13.3,13.6,14,14.3,15,15.4,16.1,16.5
5080,13.3,13.6,14,14.3,15,15.4,16.1,16.5
5090,13.3,13.6,14,14.3,15,15.4,16.1,16.5
5100,13.3,13.6,14,14.3,15,15.4,16.1,16.5
5110,13.3,13.6,14,14.3,15,15.4,16.1,16.5
5120,13.3,13.6,14,14.3,15,15.4,16.1,16.5
5130,13.3,13.6,14,14.3,15,15.4,16.1,16.5
5140,13.3,13.6,14,14.3,15,15.4,16.1,16.5
5150,13.3,13.6,14,14.3,15,15.4,16.1,16.5
5160,13.3,13.6,14,14.3,15,15.4,16.1,16.5
5170,13.3,13.6,14,14.3,15,15.4,16.1,16.5
5180,13.3,13.6,14,14.3,15,15.4,16.1,16.5
5190,13.3,13.6,14,14.3,15,15.4,16.1,16.5
5200,13.3,13.6,14,14.3,15,15.4,16.1,16.5
5210,13.3,13.6,14,14.3,15,15.4,16.1,16.5
5220,13.3,13.6,14,14.3,15,15.4,16.1,16.5
5230,13.3,13.6,14,14.3,15,15.4,16.1,16.5
5240,13.3,13.6,14,14.3,15,15.4,16.1,16.5
